230,-174.99,-76.51,1.4,0,2.92
519,-174.99,-76.51,14.2,0.16,6.58
230,-174.99,-76.51,6.6,0.1,9.49
519,-174.99,-76.51,9.9,0.38,8.69
230,-174.99,-76.51,14,0.41,8.43
519,-174.99,-76.51,4,0.04,1.93
230,-174.99,-76.51,21.4,0.62,13.16
519,-174.99,-76.51,2.7,0.11,7.1
230,-174.99,-76.51,159.43,0,201.35
519,-174.99,-76.51,42.49,0,74.03
230,-174.99,-76.51,147.82,0,389.26
519,-174.99,-76.51,93.93,0,235.36
230,-174.99,-76.51,12.82,8.44,22.61
519,-174.99,-76.51,8.68,5.33,19.29
230,-174.99,-76.51,104.71,11.79,31.17
519,-174.99,-76.51,15.5,0.73,13.35
230,-174.99,-76.51,91.19,9.32,100.59
519,-174.99,-76.51,74.78,8.68,66.96
230,-174.99,-76.51,16.5,2.3,24.86
519,-174.99,-76.51,29.71,6.22,36.9
230,-174.99,-76.51,3.5,0.71,3.9
519,-174.99,-76.51,8.8,1.06,15.63
230,-174.99,-76.51,29.79,9.61,52.93
519,-174.99,-76.51,3,0.06,2.18
230,-174.99,-76.51,5.5,3,0.62
519,-174.99,-76.51,1.4,0.08,1.24
230,-174.99,-76.51,5.1,1.51,0.14
519,-174.99,-76.51,0.9,0.07,0.69
230,-174.99,-76.51,1.4,0.1,0.24
519,-174.99,-76.51,2,0.17,2.57
230,-174.99,-76.51,0.4,0,0
519,-174.99,-76.51,5.7,0.17,10.73
230,-174.99,-76.51,0.8,0,0.33
519,-174.99,-76.51,0.7,0.13,1.2
230,-174.99,-76.51,0.6,0.06,0.19
519,-174.99,-76.51,0.5,0.05,0.8
230,-174.99,-76.51,3.9,0.46,2.9
519,-174.99,-76.51,1.1,0.05,1.32
519,-174.99,-76.51,0.9,0.1,1.46
519,-174.99,-76.51,0.6,0.16,1.55
519,-174.99,-76.51,9.71,1.54,22.63
465,-178.0167,-76.5,1.4401,0.096072,0.1123
481,-178.0167,-76.5,0.8521,0.048036,0.5055
465,-178.0167,-76.5,0.6361,0.036024,0.0562
465,-178.0167,-76.5,1.6801,0.108084,0.1123
481,-178.0167,-76.5,3.1203,0.180132,1.3481
465,-178.0167,-76.5,1.6801,0.108084,0.1123
481,-178.0167,-76.5,2.1602,0.372288,1.5447
465,-178.0167,-76.5,1.9202,0.192144,0.1966
465,-178.0167,-76.5,2.6402,0.348264,0.2528
206,-178.0167,-76.5,4.3204,0.7926,0.8145
465,-178.0167,-76.5,5.2804,0.744564,1.0391
481,-178.0167,-76.5,7.5606,0.012012,3.0894
465,-178.0167,-76.5,15.6013,1.561188,3.6511
481,-178.0167,-76.5,19.5616,1.321008,10.1106
206,-178.0167,-76.5,18.0015,0.86466,15.4467
465,-178.0167,-76.5,34.8029,2.401824,19.3787
481,-178.0167,-76.5,1.4401,0.120096,0.674
481,-178.0167,-76.5,32.1627,1.921464,36.5105
206,-178.0167,-76.5,16.8014,1.164888,36.5105
465,-178.0167,-76.5,31.2026,3.963012,33.702
481,-178.0167,-76.5,41.2834,4.563468,92.6805
206,-178.0167,-76.5,21.6018,5.404104,30.8935
465,-178.0167,-76.5,19.2016,2.7621,39.319
481,-178.0167,-76.5,20.8817,3.842916,75.8295
465,-178.0167,-76.5,18.0015,5.043828,20.5021
481,-178.0167,-76.5,39.0033,9.847476,67.404
206,-178.0167,-76.5,60.005,18.614136,26.119
465,-178.0167,-76.5,121.2101,24.01824,11.234
481,-178.0167,-76.5,125.5305,40.831008,24.1531
206,-178.0167,-76.5,15.6013,4.443372,4.4936
465,-178.0167,-76.5,49.2041,9.126936,1.4885
481,-178.0167,-76.5,61.9252,18.01368,5.0553
465,-178.0167,-76.5,9.3608,1.561188,0.1404
481,-178.0167,-76.5,3.1203,2.041548,0.5055
465,-178.0167,-76.5,0.576,0.348264,0.2528
481,-178.0167,-76.5,0.468,0.192144,0.4774
465,-178.0167,-76.5,0.6241,0.24018,0.4774
481,-178.0167,-76.5,0.6481,0.144108,0.8987
465,-178.0167,-76.5,0.588,0.120096,0.6179
481,-178.0167,-76.5,0.7801,0.144108,1.7694
465,-178.0167,-76.5,0.9241,0.180132,1.9379
481,-178.0167,-76.5,0.9001,0.204156,2.8085
206,-178.0167,-76.5,1.4401,0.62448,3.9319
465,-178.0167,-76.5,2.6402,0.24018,5.3362
481,-178.0167,-76.5,5.0404,0.456348,24.1531
465,-178.0167,-76.5,1.4401,0.216168,3.3702
481,-178.0167,-76.5,5.2804,0.672516,19.3787
206,-178.02,-76.5,1.83,0.01,0.19
206,-178.02,-76.5,2.65,0.03,0.26
481,-178.02,-76.5,3.08,0.19,1.33
481,-178.02,-76.5,2.17,0.38,0
206,-178.02,-76.5,2.71,0.13,0.34
206,-178.02,-76.5,4.27,0.79,0.8
481,-178.02,-76.5,7.51,0.01,3.06
481,-178.02,-76.5,19.58,1.27,10.22
206,-178.02,-76.5,17.47,0.86,15.55
481,-178.02,-76.5,32.15,1.97,35.58
206,-178.02,-76.5,16.3,1.17,35.62
481,-178.02,-76.5,41.24,4.54,91.54
206,-178.02,-76.5,21.01,5.45,31.47
481,-178.02,-76.5,20.93,3.88,74.69
481,-178.02,-76.5,39.01,9.8,66.45
206,-178.02,-76.5,59.8,18.56,26.12
481,-178.02,-76.5,125.47,40.52,24.1
206,-178.02,-76.5,16.03,4.46,4.41
481,-178.02,-76.5,61.93,17.45,5.19
481,-178.02,-76.5,3.1,2.01,0.52
206,-178.02,-76.5,0.81,0.19,0.3
481,-178.02,-76.5,0.47,0.2,0.49
206,-178.02,-76.5,0.36,0.06,0.19
481,-178.02,-76.5,0.65,0.15,0.9
206,-178.02,-76.5,0.58,0.15,0.91
481,-178.02,-76.5,0.79,0.15,1.77
206,-178.02,-76.5,0.69,0.11,1.11
481,-178.02,-76.5,0.89,0.2,2.87
206,-178.02,-76.5,1.48,0.63,3.8
481,-178.02,-76.5,5.01,0.46,24.25
481,-178.02,-76.5,5.33,0.67,19.27
481,-178.02,-76.5,0.85,0.05,0
481,-178.02,-76.5,1.46,0.12,0.67
230,167.51,-76.5,40.38,0,167.98
719,167.51,-76.5,26.18,0,179.22
719,167.51,-76.5,68.34,0,443.37
719,167.51,-76.5,85.87,0,631.49
719,167.51,-76.5,40.69,0,343.96
719,167.51,-76.5,46.24,0,423.85
719,167.51,-76.5,76.51,0,770.26
230,167.51,-76.5,180.29,0,681.28
719,167.51,-76.5,69.76,0,420.29
230,167.51,-76.5,78.43,0,367.66
719,167.51,-76.5,56.5,0,364.33
230,167.51,-76.5,5.51,0.45,37.37
719,167.51,-76.5,12.66,0,114.66
719,167.51,-76.5,7.5,0,76.8
719,167.51,-76.5,1.84,0,22.12
719,167.51,-76.5,16.32,0,132.17
230,167.51,-76.5,57.79,2.51,230.72
719,167.51,-76.5,34.92,2.25,263.15
230,167.51,-76.5,0.3,0,1.46
719,167.51,-76.5,43.61,2.71,274.62
230,167.51,-76.5,0.5,0.11,0.66
719,167.51,-76.5,33.53,4.24,279.22
230,167.51,-76.5,0.2,0,0.66
719,167.51,-76.5,8.5,1.59,46.72
719,167.51,-76.5,4.5,0,33.78
719,167.51,-76.5,5.59,0.97,50.26
719,167.51,-76.5,6.59,0.55,68.98
719,167.51,-76.5,4.01,0.43,30.06
719,167.51,-76.5,2.4,0,12.39
719,167.51,-76.5,1.2,0.07,6.58
719,167.51,-76.5,2.4,0.58,20.47
719,167.51,-76.5,5.69,0.09,39.44
719,167.51,-76.5,18.39,0.2,75.44
719,167.51,-76.5,29.34,1.9,90.83
719,167.51,-76.5,65.38,5,100.67
481,-178.0224,-76.4954,3.0745,0.1857,1.334
206,-178.0224,-76.4954,4.2829,0.7872,0.8004
481,-178.0224,-76.4954,7.5176,0.0077,3.0556
481,-178.0224,-76.4954,19.5668,1.2652,10.217
206,-178.0224,-76.4954,17.4892,0.8589,15.5529
481,-178.0224,-76.4954,32.2173,1.9724,35.5831
206,-178.0224,-76.4954,16.2987,1.1753,35.6188
481,-178.0224,-76.4954,41.1928,4.5299,91.5063
206,-178.0224,-76.4954,20.931,5.4447,31.4732
481,-178.0224,-76.4954,20.9239,3.8958,74.6909
481,-178.0224,-76.4954,39.161,9.7903,66.4221
206,-178.0224,-76.4954,59.693,18.5809,26.1089
481,-178.0224,-76.4954,125.7412,40.4929,24.0764
206,-178.0224,-76.4954,16.0384,4.4605,4.4065
481,-178.0224,-76.4954,61.9831,17.4592,5.194
481,-178.0224,-76.4954,3.0979,2.0148,0.5193
481,-178.0224,-76.4954,0.4701,0.1958,0.4864
481,-178.0224,-76.4954,0.6498,0.1487,0.8982
481,-178.0224,-76.4954,0.7891,0.1498,1.7688
481,-178.0224,-76.4954,0.8925,0.2038,2.8745
206,-178.0224,-76.4954,1.4798,0.6287,3.7979
481,-178.0224,-76.4954,5.0453,0.464,24.2444
481,-178.0224,-76.4954,5.3379,0.6683,19.2742
465,-177.8724,-76.4914,1.4356,0.0946,0.2177
465,-177.8724,-76.4914,0.6323,0.0417,0.0958
465,-177.8724,-76.4914,1.6519,0.1089,0.2505
465,-177.8724,-76.4914,1.7089,0.1127,0.2592
465,-177.8724,-76.4914,1.9736,0.1868,0.4398
465,-177.8724,-76.4914,2.632,0.3435,0.5707
465,-177.8724,-76.4914,4.921,0.7004,2.0932
465,-177.8724,-76.4914,16.8023,1.6401,8.1118
465,-177.8724,-76.4914,34.9187,2.3407,41.3077
465,-177.8724,-76.4914,31.0439,3.9956,71.3581
465,-177.8724,-76.4914,18.8272,2.8019,81.2634
465,-177.8724,-76.4914,18.3655,4.989,44.037
465,-177.8724,-76.4914,120.6692,24.0716,23.7549
465,-177.8724,-76.4914,48.9356,9.1639,3.1975
465,-177.8724,-76.4914,9.3411,1.5762,0.307
465,-177.8724,-76.4914,0.5728,0.3519,0.5392
465,-177.8724,-76.4914,0.6297,0.2409,1.042
465,-177.8724,-76.4914,0.5861,0.1206,1.3186
465,-177.8724,-76.4914,0.924,0.1775,4.1453
465,-177.8724,-76.4914,2.6846,0.237,11.4503
465,-177.8724,-76.4914,1.4904,0.2102,7.1662
465,-177.87,-76.49,1.44,0.09,0.22
465,-177.87,-76.49,0.63,0.04,0.1
465,-177.87,-76.49,1.65,0.11,0.25
465,-177.87,-76.49,1.71,0.11,0.26
465,-177.87,-76.49,1.97,0.19,0.44
465,-177.87,-76.49,2.63,0.34,0.57
465,-177.87,-76.49,5.23,0.74,2.22
465,-177.87,-76.49,15.87,1.55,7.66
465,-177.87,-76.49,34.92,2.34,41.32
465,-177.87,-76.49,31.04,4,71.37
465,-177.87,-76.49,18.83,2.8,81.28
465,-177.87,-76.49,18.36,4.99,44.04
465,-177.87,-76.49,120.66,24.07,23.76
465,-177.87,-76.49,48.93,9.16,3.2
465,-177.87,-76.49,9.34,1.58,0.31
465,-177.87,-76.49,0.57,0.35,0.54
465,-177.87,-76.49,0.63,0.24,1.04
465,-177.87,-76.49,0.59,0.12,1.32
465,-177.87,-76.49,0.92,0.18,4.15
465,-177.87,-76.49,2.68,0.24,11.45
465,-177.87,-76.49,1.49,0.21,7.17
200,176.8833,-73.55,5.0404,1.681272,16.2893
460,176.8833,-73.55,3.7203,0.504384,6.7404
200,176.8833,-73.55,1.9202,2.52192,0.4774
460,176.8833,-73.55,3.1203,0.756576,8.1447
460,176.8833,-73.55,0.9961,0.63648,1.4604
200,176.8833,-73.55,2.8802,3.722832,0.8426
460,176.8833,-73.55,1.8001,2.041548,2.7804
460,176.8833,-73.55,1.9202,3.48264,0.2247
460,176.8833,-73.55,1.8001,2.642004,0.6179
460,176.8833,-73.55,2.7602,2.7621,0.8987
200,176.8833,-73.55,3.0003,0.70854,1.6289
460,176.8833,-73.55,9.3608,3.00228,8.1447
200,176.8833,-73.55,3.9603,1.200912,7.8638
460,176.8833,-73.55,15.6013,4.923744,19.0978
200,176.8833,-73.55,12.241,2.161644,42.1275
460,176.8833,-73.55,33.6028,4.203192,82.8508
200,176.8833,-73.55,16.6814,5.043828,12.0765
200,176.8833,-73.55,5.8805,2.041548,1.7974
200,176.8833,-73.55,1.1401,1.321008,1.3762
200,176.8833,-73.55,0.6841,0.204156,0.2808
200,176.8862,-73.5425,4.9855,1.7041,16.3326
529,176.8862,-73.5425,3.7436,0.4986,14.7098
200,176.8862,-73.5425,1.9464,2.4675,0.4892
529,176.8862,-73.5425,3.1165,0.7608,17.5315
529,176.8862,-73.5425,0.9956,0.6355,3.0978
200,176.8862,-73.5425,2.9019,3.6858,0.8445
529,176.8862,-73.5425,1.8037,2.0027,5.9717
529,176.8862,-73.5425,1.8797,3.5093,0.4963
529,176.8862,-73.5425,1.8207,2.6368,1.2919
529,176.8862,-73.5425,2.5501,2.632,1.8182
200,176.8862,-73.5425,2.962,0.7095,1.6368
529,176.8862,-73.5425,4.9506,1.5593,9.1043
200,176.8862,-73.5425,3.9424,1.2124,7.92
529,176.8862,-73.5425,15.1615,4.9071,40.8904
200,176.8862,-73.5425,12.3012,2.1707,40.9715
529,176.8862,-73.5425,33.6469,4.2072,176.9431
200,176.8862,-73.5425,16.686,5.0784,12.0002
200,176.8862,-73.5425,5.9269,2.0544,1.7972
200,176.8862,-73.5425,1.1317,1.3022,1.3871
529,176.8862,-73.5425,4.9166,0.4906,9.7812
200,176.8862,-73.5425,0.6847,0.2047,0.2668
200,176.89,-73.54,5.01,1.7,16.33
460,176.89,-73.54,3.74,0.5,14.71
200,176.89,-73.54,1.93,2.47,0.49
460,176.89,-73.54,3.12,0.76,17.53
460,176.89,-73.54,1,0.64,3.1
200,176.89,-73.54,2.89,3.69,0.84
460,176.89,-73.54,1.8,2,5.97
460,176.89,-73.54,1.88,3.51,0.5
200,176.89,-73.54,2.08,0.55,0
460,176.89,-73.54,1.82,2.64,1.29
460,176.89,-73.54,2.71,2.8,1.93
200,176.89,-73.54,2.97,0.71,1.64
460,176.89,-73.54,9.35,2.94,17.2
200,176.89,-73.54,3.92,1.21,7.92
460,176.89,-73.54,15.16,4.91,40.9
200,176.89,-73.54,12.27,2.16,40.97
460,176.89,-73.54,33.64,4.21,176.97
200,176.89,-73.54,16.7,5.08,12.01
200,176.89,-73.54,5.92,2.05,1.8
200,176.89,-73.54,1.47,0.05,0.27
200,176.89,-73.54,1.37,0.22,0.41
200,176.89,-73.54,1.14,1.3,1.39
200,176.89,-73.54,0.43,0.18,0.22
460,176.89,-73.54,4.92,0.49,11.83
200,176.89,-73.54,0.68,0.2,0.27
230,-172.5,-72.5,2.36,1.13,7.42
493,-172.5,-72.5,8.04,0.65,47.36
230,-172.5,-72.5,1.28,0.64,6.71
493,-172.5,-72.5,53.11,0.05,40.5
230,-172.5,-72.5,7.47,1.48,9.81
493,-172.5,-72.5,4.26,0.72,42.23
493,-172.5,-72.5,7.54,0.59,22.96
230,-172.5,-72.5,34.33,0.04,122.77
493,-172.5,-72.5,5.06,0.57,43.05
230,-172.5,-72.5,23.41,3.75,159.56
493,-172.5,-72.5,6.98,0.61,109.89
230,-172.5,-72.5,5.12,2.81,4.26
493,-172.5,-72.5,0.7,0.15,7.13
493,-172.5,-72.5,2.76,0.48,24.69
230,-172.5,-72.5,10.8,7.04,3.22
230,-172.5,-72.5,4.64,6.6,0.65
493,-172.5,-72.5,0.68,0.14,4.71
493,-172.5,-72.5,2.23,0.11,15.72
230,-172.5,-72.5,2.3,1.92,1
493,-172.5,-72.5,3.02,0.68,24.28
1033,-168.6723,-66.1614,0.1362,0.0187,0.278
2311,-168.6723,-66.1614,0.0323,0.0121,0.141
1033,-168.6723,-66.1614,0.2677,0.0368,0.5463
2311,-168.6723,-66.1614,0.0814,0.0304,0.3544
937,-168.6723,-66.1614,1.1694,0.1834,4.0527
1033,-168.6723,-66.1614,0.5119,0.0704,1.0442
2311,-168.6723,-66.1614,0.154,0.0574,0.6704
1033,-168.6723,-66.1614,1.2887,0.3996,5.7063
2311,-168.6723,-66.1614,0.3565,0.1331,1.552
937,-168.6723,-66.1614,3.6964,0.3011,15.0465
1033,-168.6723,-66.1614,2.9038,0.3367,15.6119
1842,-168.6723,-66.1614,1.1985,0.2967,6.6435
2311,-168.6723,-66.1614,0.5493,0.205,2.3914
1033,-168.6723,-66.1614,2.8024,0.6569,11.4286
2311,-168.6723,-66.1614,0.7943,0.7026,3.8246
937,-168.6723,-66.1614,19.862,1.1119,63.8147
1033,-168.6723,-66.1614,3.7879,0.3417,15.8574
2311,-168.6723,-66.1614,1.1732,0.6395,4.5006
1033,-168.6723,-66.1614,4.7894,0.2467,14.008
1842,-168.6723,-66.1614,8.3328,0.9507,32.1607
2311,-168.6723,-66.1614,12.7626,1.3287,20.0768
937,-168.6723,-66.1614,42.9195,1.0254,120.768
1033,-168.6723,-66.1614,1.8987,0.0461,5.822
1842,-168.6723,-66.1614,27.0275,0.7147,83.6596
2311,-168.6723,-66.1614,7.2067,0.3691,19.6803
937,-168.6723,-66.1614,7.6665,0.1587,31.4083
1033,-168.6723,-66.1614,0.7147,0.0209,2.1199
1842,-168.6723,-66.1614,13.0889,0.4262,58.4688
2311,-168.6723,-66.1614,0.517,0.0299,1.2385
937,-168.6723,-66.1614,5.2296,0.0932,19.6825
1033,-168.6723,-66.1614,0.9956,0.0432,2.7318
1842,-168.6723,-66.1614,3.347,0.1863,19.2992
937,-168.6723,-66.1614,3.1158,0.1016,16.7375
1033,-168.6723,-66.1614,0.0495,0.0044,0.0497
1842,-168.6723,-66.1614,3.3363,0.4007,25.891
937,-168.6723,-66.1614,1.4394,0.0954,5.9324
1033,-168.6723,-66.1614,0.0287,0.0025,0.0289
1842,-168.6723,-66.1614,0.2202,0.0377,1.4568
937,-168.6723,-66.1614,0.624,0.061,2.0965
937,-168.6723,-66.1614,15.7822,0.5648,86.0811
937,-168.67,-66.16,0.7,0.05,1.3
1033,-168.67,-66.16,0.14,0.02,0.28
2311,-168.67,-66.16,0.03,0.01,0.14
1033,-168.67,-66.16,0.27,0.04,0.55
2311,-168.67,-66.16,0.08,0.03,0.35
937,-168.67,-66.16,1.17,0.18,4.05
1033,-168.67,-66.16,0.51,0.07,1.04
2311,-168.67,-66.16,0.15,0.06,0.67
1033,-168.67,-66.16,1.29,0.4,5.71
1842,-168.67,-66.16,0.41,0.29,2.29
2311,-168.67,-66.16,0.36,0.13,1.55
937,-168.67,-66.16,3.7,0.3,15.05
1033,-168.67,-66.16,2.9,0.34,15.61
1842,-168.67,-66.16,1.21,0.3,6.65
2311,-168.67,-66.16,0.55,0.2,2.39
1033,-168.67,-66.16,2.8,0.66,11.43
1842,-168.67,-66.16,0.62,0.07,2
2311,-168.67,-66.16,0.79,0.7,3.83
937,-168.67,-66.16,19.76,1.11,63.83
1033,-168.67,-66.16,3.79,0.34,15.86
1842,-168.67,-66.16,0.86,0.1,3.41
2311,-168.67,-66.16,1.17,0.64,4.5
1033,-168.67,-66.16,4.79,0.25,14.01
1842,-168.67,-66.16,8.33,0.95,32.17
2311,-168.67,-66.16,12.76,1.33,20.08
937,-168.67,-66.16,42.71,1.02,120.78
1033,-168.67,-66.16,1.9,0.05,5.82
1842,-168.67,-66.16,27.03,0.73,83.68
2311,-168.67,-66.16,7.21,0.37,19.68
937,-168.67,-66.16,7.67,0.15,31.41
1033,-168.67,-66.16,0.71,0.02,2.12
1842,-168.67,-66.16,13.07,0.43,58.48
2311,-168.67,-66.16,0.52,0.03,1.24
937,-168.67,-66.16,5.22,0.1,19.69
1033,-168.67,-66.16,1,0.04,2.73
1842,-168.67,-66.16,3.35,0.18,19.3
937,-168.67,-66.16,3.13,0.1,16.74
1033,-168.67,-66.16,0.05,0,0.05
1842,-168.67,-66.16,3.34,0.4,25.89
937,-168.67,-66.16,1.43,0.1,5.93
1033,-168.67,-66.16,0.03,0,0.03
1842,-168.67,-66.16,0.22,0.04,1.46
937,-168.67,-66.16,0.29,0.03,0.91
937,-168.67,-66.16,0.24,0.01,0.48
937,-168.67,-66.16,0.63,0.06,2.1
937,-168.67,-66.16,15.81,0.57,86.09
1842,-168.67,-66.16,0.25,0.04,0.48
1842,-168.67,-66.16,0.01,0,0.11
352,-2.5958,-64.9292,0.44,0.312,2.1
352,-2.5958,-64.9292,4.15,0.4392,6.00133333333333
352,-2.5958,-64.9292,4.88,0.1956,36.456
360,-2.5633,-64.9017,5.14,5.2572,18.1113333333333
360,-2.5633,-64.9017,29.99,2.9076,139.496
360,-2.5633,-64.9017,41.78,6.4212,220.551333333333
360,-2.5633,-64.9017,21.88,1.8708,100.562
360,-2.5633,-64.9017,9.4,1.848,79.8653333333333
360,-2.5633,-64.9017,5.49,1.092,41.6686666666667
360,-2.5633,-64.9017,2.6,0.2652,11.3633333333333
360,-2.5633,-64.9017,5.49,0.8244,42.6953333333333
360,-2.5633,-64.9017,0.96,0.2088,3.41133333333333
360,-2.5633,-64.9017,1.72,0.1716,4.08333333333333
360,-2.5633,-64.9017,1.24,0.1956,3.57466666666667
360,-2.5633,-64.9017,0.78,0.0588,1.386
360,-2.5633,-64.9017,0.69,0.1068,0.662666666666667
360,-2.5633,-64.9017,6.1,0.0036,0.238
360,-2.5633,-64.9017,4.84,0.0468,35.8726666666667
360,-2.5633,-64.9017,3.02,0.1464,7.24733333333333
360,-2.5633,-64.9017,1.44,0.0312,5.082
1031,-169.9,-63.15,11.83,4.2,127.03
2026,-169.9,-63.15,5.3,4.12,62.16
2182,-169.9,-63.15,4.32,3.9,0
2026,-169.9,-63.15,5.33,5.05,70.93
2182,-169.9,-63.15,4.65,4.41,0
1031,-169.9,-63.15,19.66,5.19,211.66
2026,-169.9,-63.15,6.88,3.56,95.07
2182,-169.9,-63.15,5.97,3.86,0
2026,-169.9,-63.15,20.49,5.84,255.14
2182,-169.9,-63.15,14.58,6.35,0
1031,-169.9,-63.15,24.25,10.82,242.91
2026,-169.9,-63.15,31.92,12.35,401.91
2182,-169.9,-63.15,27.88,38.23,0
2026,-169.9,-63.15,15.93,9.16,208.05
2182,-169.9,-63.15,11.91,11.51,0
1031,-169.9,-63.15,8.91,2.89,78.4
2026,-169.9,-63.15,10.19,4.92,130.22
2182,-169.9,-63.15,10.24,4.26,0
2026,-169.9,-63.15,4.23,4.46,49.53
2182,-169.9,-63.15,5.97,4.73,0
1031,-169.9,-63.15,28.97,8.86,257.7
2026,-169.9,-63.15,15.22,3.41,165.29
2182,-169.9,-63.15,16.71,3.68,0
1031,-169.9,-63.15,20.87,6.9,284.26
1031,-169.9,-63.15,9.54,10.14,124.3
1031,-169.9,-63.15,6.93,5.47,68.58
1031,-169.9,-63.15,1.92,0.53,14.66
1031,-169.9,-63.15,0.47,0.08,1.4
1031,-169.9,-63.15,0.43,0.14,2.39
1031,-169.9,-63.15,2.3,0.52,27.24
1031,-169.9,-63.15,5.14,0.7,56.12
1031,-169.8967,-63.1492,13.7893,3.5083,146.8011
2026,-169.8967,-63.1492,5.233,4.1269,62.1204
2182,-169.8967,-63.1492,4.3241,3.9048,52.5428
2026,-169.8967,-63.1492,5.2076,5.061,70.9326
2182,-169.8967,-63.1492,4.6479,4.4086,62.2515
1031,-169.8967,-63.1492,18.4106,7.1659,216.4629
2026,-169.8967,-63.1492,6.8734,3.5595,95.0677
2182,-169.8967,-63.1492,5.9749,3.8612,88.5419
2026,-169.8967,-63.1492,20.5109,5.8241,255.0958
2182,-169.8967,-63.1492,14.5848,6.3515,207.0915
1031,-169.8967,-63.1492,22.95,8.6799,203.3837
2026,-169.8967,-63.1492,31.6379,12.4149,401.8438
2182,-169.8967,-63.1492,27.8833,38.2367,308.1152
2026,-169.8967,-63.1492,15.7089,9.1332,207.9616
2182,-169.8967,-63.1492,11.9109,11.5127,205.3075
1031,-169.8967,-63.1492,7.4784,2.6931,71.2778
2026,-169.8967,-63.1492,10.1523,4.921,130.2167
2182,-169.8967,-63.1492,10.2427,4.2577,134.8215
2026,-169.8967,-63.1492,4.3023,4.4546,49.5021
2182,-169.8967,-63.1492,5.9702,4.7317,74.9903
1031,-169.8967,-63.1492,26.6261,8.1648,222.4534
2026,-169.8967,-63.1492,14.964,3.3933,165.2836
2182,-169.8967,-63.1492,16.7128,3.6808,174.1905
1031,-169.8967,-63.1492,20.4825,6.7139,265.2451
1031,-169.8967,-63.1492,12.8995,14.1835,166.5103
1031,-169.8967,-63.1492,6.5985,5.1113,66.428
1031,-169.8967,-63.1492,1.2477,0.7174,14.0675
1031,-169.8967,-63.1492,0.4071,0.0363,1.02
1031,-169.8967,-63.1492,0.53,0.0675,2.0808
1031,-169.8967,-63.1492,1.9553,0.6012,21.2646
1031,-169.8967,-63.1492,4.1377,0.8172,53.323
3500,71,-63,1.01,0.17,9.23
3500,71,-63,1.05,0.48,9.07
1300,71,-63,0.58,0.05,5.19
3500,71,-63,0.26,0.13,1.44
1300,71,-63,1.04,0.16,10.7
3500,71,-63,0.38,0.03,2.79
1300,71,-63,0.7,0.09,6.37
3500,71,-63,0.56,0.1,2.77
3500,71,-63,0.31,0.02,1.8
1300,71,-63,0.28,0.06,2.28
3500,71,-63,0.14,0.03,0.5
3500,71,-63,0.28,0.03,1.52
1300,71,-63,0.09,0,0.24
3500,71,-63,0.26,0.02,2.05
3500,71,-63,0.27,0.04,1.65
3500,71,-63,0.38,0.04,2.24
3500,71,-63,0.11,0.02,0.37
3500,71,-63,0.23,0.04,1.93
3500,71,-63,0.28,0.16,2.25
3500,71,-63,0.34,0.03,3.07
3500,71,-63,0.23,0.01,1.39
1300,71,-63,0.36,0,0.3
3500,71,-63,1.57,0.11,20.39
3500,71,-63,1.57,0.14,19.48
3500,71,-63,0.28,0.05,2.78
4456,-2.5,-62.9167,0.46,0.33,5.13333333333333
4556,-2.5,-62.9167,0.5,0.336,5.08666666666667
2400,178.05,-62.5667,0.03,0.0006,0.1404
2400,178.05,-62.5667,3.2499,0.297468,78.0623
2400,178.05,-62.5667,0.1236,0.033504,1.3902
2400,178.05,-62.5667,0.1464,0.066408,1.0504
900,178.05,-62.5667,2.581,0.383628,44.7898
3700,178.05,-62.5667,1.2198,0.202344,24.407
1300,178.05,-62.5667,1.1606,0.23262,20.6136
2400,178.05,-62.5667,0.5491,0.079296,10.2799
2400,178.05,-62.5667,3.9507,0.615108,70.3979
2400,178.05,-62.5667,0.0552,0.017892,0.1882
2400,178.05,-62.5667,0.0816,0.095592,0.4803
2400,178.05,-62.5667,1.8686,0.285096,35.7157
2400,178.05,-62.5667,0.9169,0.149028,8.3412
2400,178.05,-62.5667,0.7693,0.097872,15.9382
2400,178.05,-62.5667,0.0432,0.009372,0.2443
2400,178.05,-62.5667,0.0744,0.00408,0.2163
2400,178.05,-62.5667,0.102,0.012612,0.9212
2400,178.05,-62.5667,0.0504,0.00384,0.0421
1588,-57.5333,-62.25,6.4,1.704,49.3733333333333
1000,73,-62,14.39,0.89,113.33
1000,73,-62,8.56,0.2,82.82
1000,73,-62,5.71,0.26,56.52
1000,73,-62,2.26,0.12,24.42
1000,73,-62,0.47,0.02,3.55
1000,73,-62,0.7,0.03,3.99
1000,73,-62,0.24,0,2.35
1000,73,-62,0.64,0.06,4.5
1000,73,-62,2.61,0.25,31.8
1000,73,-62,0.53,0.07,6.78
1000,73,-62,3.11,0.18,29.61
1000,73,-62,1.02,0.1,8.96
1000,73,-62,1.89,1.85,19.7
1003,-170.0562,-60.2825,12.2915,10.8412,66.9636
1103,-170.0562,-60.2825,9.7269,9.2738,43.8974
3257,-170.0562,-60.2825,1.2692,3.1794,13.0713
1003,-170.0562,-60.2825,19.4936,9.7468,99.9231
1103,-170.0562,-60.2825,16.0069,10.7184,77.1355
3257,-170.0562,-60.2825,4.9855,4.6853,38.7862
1003,-170.0562,-60.2825,7.8976,9.6526,36.8911
3257,-170.0562,-60.2825,5.4991,5.7575,59.5613
3257,-170.0562,-60.2825,2.502,6.2754,43.2731
1003,-170.0562,-60.2825,13.6498,11.0756,73.2766
3257,-170.0562,-60.2825,3.7854,4.0758,58.2337
3257,-170.0562,-60.2825,2.8998,2.3791,48.6806
1003,-170.0562,-60.2825,12.6637,9.0618,62.4731
1003,-170.0562,-60.2825,3.6637,2.2143,19.9802
1003,-170.0562,-60.2825,1.8606,1.2257,11.8401
1003,-170.0562,-60.2825,1.1798,0.6816,7.0482
1003,-170.0562,-60.2825,0.7472,0.3165,1.7387
1003,-170.0562,-60.2825,0.6759,0.2224,1.2678
1003,-170.0562,-60.2825,8.8879,2.2219,45.8252
1003,-170.0562,-60.2825,11.883,5.0927,92.5951
1003,-170.06,-60.28,12.14,10.83,66.98
1103,-170.06,-60.28,9.73,9.27,43.91
1103,-170.06,-60.28,2.54,6.36,26.15
1003,-170.06,-60.28,19.3,9.73,99.92
1103,-170.06,-60.28,16.01,10.72,77.15
1103,-170.06,-60.28,9.97,9.37,77.59
1003,-170.06,-60.28,7.33,8.88,33.91
1103,-170.06,-60.28,11,11.51,119.14
1103,-170.06,-60.28,5,12.55,86.56
1003,-170.06,-60.28,15.05,12.13,80.37
1103,-170.06,-60.28,7.57,8.15,116.49
1103,-170.06,-60.28,5.8,4.76,97.38
1003,-170.06,-60.28,12.62,9.06,62.49
1003,-170.06,-60.28,3.63,2.22,19.98
1003,-170.06,-60.28,1.86,1.22,11.84
1003,-170.06,-60.28,1.19,0.68,7.05
1003,-170.06,-60.28,0.75,0.32,1.74
1003,-170.06,-60.28,0.43,0.18,0.82
1003,-170.06,-60.28,0.68,0.22,1.27
1003,-170.06,-60.28,8.97,2.23,45.84
1003,-170.06,-60.28,11.89,5.1,92.62
982,-170.17,-56.9,14.8,13.2,64.34
4224,-170.17,-56.9,2.2,5.89,11.7
4224,-170.17,-56.9,5.42,7.22,30.82
982,-170.17,-56.9,19.71,14.78,106.22
4224,-170.17,-56.9,3.1,7.01,22.67
982,-170.17,-56.9,11.56,9.73,65.58
4224,-170.17,-56.9,3.46,5.76,26.69
982,-170.17,-56.9,3.54,3.61,13.35
4224,-170.17,-56.9,3.9,5.88,33.1
982,-170.17,-56.9,5.32,4.49,8.73
4224,-170.17,-56.9,3.61,5.17,28.51
982,-170.17,-56.9,2.07,2.17,3.81
4224,-170.17,-56.9,2.51,3.5,19.58
982,-170.17,-56.9,1.67,1.75,2.29
4224,-170.17,-56.9,2.04,3.73,13.96
982,-170.17,-56.9,1.27,0.99,1.24
4224,-170.17,-56.9,1.14,1.6,5.69
982,-170.17,-56.9,1.07,0.51,1.1
4224,-170.17,-56.9,1.22,1.38,5
982,-170.17,-56.9,0.6,0.44,0.97
4224,-170.17,-56.9,0.71,0.89,2.91
4224,-170.17,-56.9,0.34,0.47,1.63
4224,-170.17,-56.9,0.53,0.58,2.16
4224,-170.17,-56.9,0.45,0.48,0
982,-170.17,-56.9,6.91,1.73,11.83
4224,-170.17,-56.9,1.05,0.67,3.35
982,-170.17,-56.9,6.44,2.98,16.61
4224,-170.17,-56.9,3.34,2.26,10.03
982,-170.17,-56.9,8.58,7.54,25.81
4224,-170.17,-56.9,4.89,12.66,13.87
982,-170.17,-56.9,7.54,13.56,22.11
4224,-170.17,-56.9,5.11,20.47,13.8
982,-170.17,-56.9,2.96,5.23,7.04
4224,-170.17,-56.9,1.48,6.42,4.35
4224,-170.17,-56.9,0.39,1.66,1.34
982,-170.17,-56.9,14.88,11.03,104.53
4224,-170.17,-56.9,0.26,0.33,0
982,-170.1652,-56.8952,14.7984,13.2013,64.3259
4224,-170.1652,-56.8952,2.0288,6.3129,10.2819
4224,-170.1652,-56.8952,4.54,6.3346,26.4788
982,-170.1652,-56.8952,19.7156,14.7853,106.1984
4224,-170.1652,-56.8952,2.6825,5.4811,19.3772
982,-170.1652,-56.8952,11.5636,9.7282,65.5723
4224,-170.1652,-56.8952,2.8348,6.0453,23.0098
982,-170.1652,-56.8952,3.5405,3.6135,13.3488
4224,-170.1652,-56.8952,3.2846,5.6902,36.1184
982,-170.1652,-56.8952,5.318,4.4946,8.7283
4224,-170.1652,-56.8952,3.2647,4.9615,30.0861
982,-170.1652,-56.8952,2.0684,2.1718,3.8086
4224,-170.1652,-56.8952,2.0658,3.3078,19.384
982,-170.1652,-56.8952,1.6695,1.7548,2.2937
4224,-170.1652,-56.8952,1.7194,3.1411,14.0891
982,-170.1652,-56.8952,1.2669,0.9855,1.2402
4224,-170.1652,-56.8952,0.9808,1.476,6.559
982,-170.1652,-56.8952,1.0731,0.5057,1.1001
4224,-170.1652,-56.8952,0.931,1.3436,4.8461
982,-170.1652,-56.8952,0.5996,0.4358,0.9692
4224,-170.1652,-56.8952,0.5837,0.7756,2.7436
982,-170.1652,-56.8952,0.1937,0.0931,0.8074
4224,-170.1652,-56.8952,0.32,0.5012,1.8382
982,-170.1652,-56.8952,0.8055,0.3865,0.5755
4224,-170.1652,-56.8952,0.5118,0.613,2.0213
982,-170.1652,-56.8952,0.9005,0.3747,1.0835
4224,-170.1652,-56.8952,0.3977,0.5389,1.6812
982,-170.1652,-56.8952,6.9121,1.7333,11.8232
4224,-170.1652,-56.8952,0.8661,0.9466,3.1051
982,-170.1652,-56.8952,6.4392,2.9849,16.6064
4224,-170.1652,-56.8952,2.8531,2.1095,9.611
982,-170.1652,-56.8952,8.5768,7.5362,25.8079
4224,-170.1652,-56.8952,4.2592,11.2655,14.8407
982,-170.1652,-56.8952,7.5392,13.5567,22.1094
4224,-170.1652,-56.8952,4.6743,16.7036,15.7068
982,-170.1652,-56.8952,2.96,5.2336,7.035
4224,-170.1652,-56.8952,1.1607,6.5772,4.2978
4224,-170.1652,-56.8952,0.3283,0.8476,1.3927
982,-170.1652,-56.8952,14.8767,11.0316,104.5155
4224,-170.1652,-56.8952,0.1358,0.6145,0.5676
515,-3.2933,-54.3433,1.4,0.2268,20.5333333333333
2251,-3.2933,-54.3433,0.36,0.0528,6.43066666666667
507,-3.3,-54.3333,0.41,0.0564,1.918
507,-3.3,-54.3333,1.73,0.2268,0.602
507,-3.3,-54.3333,0.47,0.1056,4.47533333333333
450,-3.3,-54.3,7.26,3.804,67.5686666666667
2194,-3.3,-54.3,1.4,0.5784,22.3626666666667
2194,-3.3,-54.3,1.4,0.576,22.3533333333333
2188,-3.3,-54.3,7.9,0.48,3.68666666666667
2194,-3.3,-54.3,1.26,0.4764,3.71
2194,-3.3,-54.3,1.4,0.7104,8.87133333333333
2251,-3.3,-54.3,0.4,0.048,6.44
986,-174.7303,-53.0305,0.199,0.5963,0.1354
1981,-174.7303,-53.0305,2.8459,1.9016,1.5568
986,-174.7303,-53.0305,0.1067,0.3194,0.0725
1981,-174.7303,-53.0305,30.8372,4.5279,2.5285
986,-174.7303,-53.0305,0.1153,0.3457,0.0784
1981,-174.7303,-53.0305,31.9601,48.9737,55.4446
986,-174.7303,-53.0305,0.0554,0.166,0.0376
986,-174.7303,-53.0305,0.7135,0.8704,1.9112
986,-174.7303,-53.0305,0.1755,0.2674,0.237
986,-174.7303,-53.0305,1.7329,1.8191,0.6535
986,-174.7303,-53.0305,1.3755,1.6805,0.3856
986,-174.7303,-53.0305,4.6929,2.5657,1.8157
986,-174.7303,-53.0305,1.6925,1.2841,0.8678
986,-174.7303,-53.0305,0.6582,0.8435,0.3064
986,-174.7303,-53.0305,0.6177,0.5242,0.1452
986,-174.7303,-53.0305,0.3051,0.69,0.1632
986,-174.7303,-53.0305,1.4657,2.264,0.6583
986,-174.7303,-53.0305,1.4722,2.5009,0.9945
986,-174.7303,-53.0305,3.288,2.1856,1.4795
986,-174.7303,-53.0305,0.851,2.8783,0.6934
986,-174.7303,-53.0305,0.4128,0.6921,0.0907
986,-174.73,-53.03,0.2,0.6,0.14
1981,-174.73,-53.03,2.85,1.9,1.56
986,-174.73,-53.03,0.11,0.32,0.07
1981,-174.73,-53.03,30.83,4.53,2.53
986,-174.73,-53.03,0.12,0.35,0.08
1981,-174.73,-53.03,31.96,48.97,55.45
986,-174.73,-53.03,0.06,0.17,0.04
986,-174.73,-53.03,0.71,0.87,1.91
986,-174.73,-53.03,0.18,0.27,0.24
986,-174.73,-53.03,1.73,1.82,0.65
986,-174.73,-53.03,1.38,1.68,0.39
986,-174.73,-53.03,0.09,1.02,-0.14
986,-174.73,-53.03,4.69,2.57,1.82
986,-174.73,-53.03,1.69,1.28,0.87
986,-174.73,-53.03,0.66,0.84,0.31
986,-174.73,-53.03,0.62,0.52,0.15
986,-174.73,-53.03,0.31,0.69,0.16
986,-174.73,-53.03,1.47,2.26,0.66
986,-174.73,-53.03,1.47,2.5,0.99
986,-174.73,-53.03,3.29,2.19,1.48
986,-174.73,-53.03,0.85,2.88,0.69
986,-174.73,-53.03,0.41,0.69,0.09
1300,61.52,-52,16.61,9.9,279.41
4000,61.52,-52,6.82,7.04,133.55
1300,61.52,-52,22.19,9.79,354.83
4000,61.52,-52,15.68,13.22,336.7
1300,61.52,-52,11.54,5.1,257.5
4000,61.52,-52,6.2,4.58,145.51
1300,61.52,-52,8.75,5.4,229.67
4000,61.52,-52,3.89,4.54,106.57
1300,61.52,-52,3.96,3.94,100.03
4000,61.52,-52,2.75,3.11,79.71
1300,61.52,-52,1.86,1.63,42.5
4000,61.52,-52,2.37,2.65,92.63
1300,61.52,-52,1.6,1.46,32.84
4000,61.52,-52,1.33,1.93,37.7
4000,61.52,-52,0.48,0.68,14.83
1300,61.52,-52,0.92,0.69,17.03
4000,61.52,-52,0.8,0.88,19.21
4000,61.52,-52,0.58,0.43,12.67
1300,61.52,-52,0.72,0.5,11.24
4000,61.52,-52,0.29,0.23,6.1
4000,61.52,-52,0.33,0.35,6.33
1300,61.52,-52,0.51,0.37,2.51
4000,61.52,-52,0.25,0.29,5.04
4000,61.52,-52,0.13,0.2,1.84
1300,61.52,-52,0.13,0.05,0.42
4000,61.52,-52,0.08,0.06,0.67
4000,61.52,-52,0.08,0.07,0.83
1300,61.52,-52,0.15,0.12,1.02
4000,61.52,-52,0.07,0.05,0.73
1300,61.52,-52,0.09,0.09,0.89
4000,61.52,-52,0.05,0.06,0.65
1300,61.52,-52,0.19,0.07,1.47
4000,61.52,-52,0.09,0.1,0.93
4000,61.52,-52,0.13,0.24,2.39
1300,61.52,-52,9.34,10.04,231.89
4000,61.52,-52,1.07,1.95,30.68
1300,61.52,-52,7.84,8.11,158.07
1300,61.52,-52,0.4,0.26,7.02
4000,61.52,-52,2.53,4.37,80.86
1300,61.52,-52,0.31,0.14,3.94
4000,61.52,-52,0.21,0.35,4.98
4000,61.52,-52,0.12,0.13,1.23
3110,5.9,-50.2,1.4,0.84,2.75333333333333
687,5.895,-50.185,0.38,0.3516,1.98333333333333
3110,5.895,-50.185,1.4,0.8352,2.77666666666667
636,5.8283,-50.1517,1.51,0.5592,3.822
3056,5.8283,-50.1517,1.1,0.1416,1.98333333333333
700,5.7667,-50.15,7.4,3.4584,19.3713333333333
700,5.8333,-50.15,7.84,3.324,19.5533333333333
700,5.8333,-50.15,6.4,10.716,37.0533333333333
700,5.8333,-50.15,4.1,14.808,19.88
700,5.8333,-50.15,6.6,8.604,44.66
700,5.8333,-50.15,8.1,1.992,17.3133333333333
614,5.8,-50.1,8.71,3.4032,27.552
3196,5.8,-50.1,12.63,2.4792,11.48
3196,5.8,-50.1,12.6,2.484,11.48
3056,5.8,-50.1,1.1,0.144,1.96
654,5.9167,-50.1,1.32,0.4272,1.08733333333333
3219,5.9167,-50.1,0.47,0.1188,0.0886666666666667